start	end	text
0	8140	Bom dia e bem-vindos à teleconferência de resultados do primeiro trimestre de 2026 do Banco BTG Pactual.
8400	15120	Conosco hoje estão Roberto Saluti, Renato Kohn e Júlia Rocha.
15580	22720	Gostaríamos de informar que este evento está sendo gravado e todos os participantes estão apenas ouvindo.
22720	35220	Durante a apresentação do banco, após as considerações do Banco BTG, haverá uma sessão de perguntas e respostas para investidores e analistas quando mais instruções serão fornecidas.
35520	51560	Hoje temos um webcast simultâneo que pode ser acessado pelo site www.btgpactual.com.br e pela plataforma haverá um recurso de replay desta teleconferência.
51560	62400	Antes de prosseguir, gostaria de mencionar que esta teleconferência pode conter declarações prospectivas relacionadas às perspectivas de negócios,
62540	70820	estimativas de resultados operacionais e financeiros relacionadas às perspectivas de crescimento do Banco BTG.
71020	80280	São meras projeções baseadas exclusivamente nas expectativas da administração do banco em relação ao futuro dos negócios.
80280	92620	Tais declarações dependem de mudanças nas condições de mercado, regulamentações governamentais, pressões competitivas, o desempenho da economia brasileira e do setor,
92760	104340	entre outros fatores e riscos divulgados nos documentos de divulgação do banco e, portanto, sujeitas a alterações sem aviso prévio.
104340	109940	E agora passo a palavra ao senhor Roberto Saluti, que iniciará a apresentação.
110080	112660	Senhor Saluti, por favor, prossiga.
114920	120340	Bom dia, muito obrigado por se juntarem novamente à nossa conferência.
120620	126540	Então, se passarmos à página 3, temos aí os destaques do primeiro trimestre.
126920	140260	Novamente, estamos muito felizes com os recordes de receitas e lucro líquido, com retorno de 26,6%, apesar do cenário macro muito desafiador.
140260	152940	Nós temos outro mercado desde o primeiro de março e eu acho que isso realmente reflete a resiliência dos nossos modelos de negócios.
154580	168140	Nós somos capazes de nos beneficiar com estes diferentes cenários e as unidades de negócios se beneficiam desse cenário.
168140	175520	Em Investment Banking, tivemos mais uma vez um trimestre muito positivo,
176120	182520	em Corporate Lending, também com um forte ritmo de crescimento, entregando receitas recordes
182520	190340	e também crescendo 22% na carteira com um underwriting bem disciplinado.
190340	200140	Nosso Investment Banking sofreu com um DCM reduzido, mas nós tivemos um benefício aí com Corporate Lending,
200400	209280	em Sales and Trending, outro trimestre muito sólido, com uma atividade boa, positiva do pipeline,
209280	217440	com um gerenciamento dinâmico do nosso risco e um trimestre muito forte novamente.
218040	225060	E em Asset e Wealth Management, a gente continua a ter uma captação alta,
225060	235620	atingindo aí 2,6 trilhões, 83 bilhões, juntando as duas, atingindo 2,6 trilhões.
235880	244300	Agora na página 4, a gente mostra os números do primeiro trimestre, então receitas totais de 10 bilhões,
244620	253360	um crescimento de 34% ano a ano, lucro líquido 4,8%, 42% de crescimento.
253360	263060	Isso reflete a eficiência aí da nossa operação, da eficiência do nosso modelo de negócios
263060	269180	e mais uma vez tivemos 26,6% de ROAE no trimestre.
269300	277240	Na página 5, 83 bilhões de Net New Money, muito orgânico, totalmente orgânico,
277240	283180	que é o segundo melhor orgânico aí comparado com o quarto trimestre de 25.
283620	289440	E comparado com o primeiro trimestre de 25, nós tivemos 105,
290000	293620	mas vieram ali uma parte da aquisição do Julius Baer.
294280	301460	Em Wealth Under Management e Asset Under Management, ambos cresceram via 28% ano a ano.
305580	314620	Agora na página 6, nós temos a nossa base de funding que continua a crescer significativamente,
315440	321460	atingindo aí 379 bilhões, uma capitalização muito boa,
321460	329660	e um patrimônio aí de 75 bilhões no último trimestre.
329940	335760	E no nosso portfólio de crédito crescemos 24%,
337400	348300	atingindo aí 355 bilhões de reais, 281 bilhões no corporate e pequenas empresas,
348300	351940	e 74 bilhões no segmento de consumidores.
352920	357720	E aqui nós mostramos na página 7 o nosso relatório tradicional.
357980	363680	Novamente receitas de 10 bilhões, lucro líquido de 4,8.
366600	374080	Nós temos aqui também o índice de eficiência,
374080	381220	juntando o BTG e o Banco Pan, juntando aí os dois em torno de 38%,
381220	390260	e nos próximos três anos nós vamos trazer esse índice de eficiência aos níveis que tínhamos antes.
390700	395620	Temos no patrimônio líquido aí 74 milhões,
397480	399280	captura de 15%.
401800	405540	Se vocês passarem para a página 8, mostramos aqui
407340	417320	as receitas do primeiro trimestre comparada com a receita do primeiro trimestre de 2025.
418980	422520	Nós estamos mostrando, então, os primeiros três meses,
422680	425120	depois seis meses, depois nove meses,
425280	428640	depois ano a ano, e aí começamos a mostrar
428640	431780	os últimos 12 meses.
432260	436720	E aqui eu acho que a gente vê um crescimento forte,
439000	442020	um crescimento sólido em corporate lending,
442560	445920	crescimento muito forte em sales e trending.
445920	451340	O primeiro trimestre do ano passado, novamente, foi muito fraco, repetindo.
451340	457960	Bom, crescimento em asset management, considerando que no primeiro trimestre do ano passado,
457960	462720	tivemos dividendos de plataformas independentes,
462720	465800	um crescimento muito forte em wealth management,
466220	471320	45% também no consumer finance.
471320	478600	e o que nós vemos é uma receita muito equilibrada,
479040	482760	principalmente a corporate lending, 21%,
484160	488420	nós temos sales and trading, 19%,
488420	491160	25% em wealth management.
491160	494480	Então, eu acho que isso tudo está ligado aos mercados,
496540	500040	11% em consumer finance, que vai crescer com o tempo,
500260	503040	e os juros estáveis,
503900	507220	e que vão se reduzir conforme o tempo passar.
507380	508340	Estamos esperando por isso.
508340	510160	E agora eu passo para o Renato Kohn,
510320	513020	que vai falar da performance dos outros,
513260	515440	de cada uma das unidades de negócio.
515640	517120	Muito obrigado, bom dia a todos.
517960	522240	Então, agora passando para a linha de negócio das unidades específicas,
522340	523900	começando com o investment banking,
524140	526700	nós tivemos uma performance forte,
527380	530400	apoiada pela franchise líder,
530660	533140	nos diferentes produtos e setores.
534080	538820	chegamos a 628 milhões no trimestre de receitas,
538920	541700	e um aumento de 65%,
541700	546060	se compararmos com o primeiro trimestre de 25%.
546060	549640	A atividade de mercado no começo do trimestre foi forte,
549880	551700	com uma atividade de DCM,
551800	554340	tanto nos mercados internacionais e locais,
555300	559120	bons, também temos perspectivas boas aí,
559120	564920	com a Ibovespa atingindo novos recordes,
565540	569660	e no final do trimestre nós vimos um cenário diferente,
569660	575580	por conta da volatilidade da situação geopolítica,
575780	578040	causada por essa situação geopolítica,
578080	580780	que afetou tanto o DCM como o ECM.
581060	585560	O DCM permaneceu o principal componente da receita,
585560	589760	com transações concentradas em janeiro e fevereiro,
590120	591680	diminuímos um pouco em março,
591860	597000	por conta da volatilidade aumentada nos mercados secundários,
597240	600760	e temos uma contribuição sólida aí,
602120	605380	executando uma pipeline diversificada,
605540	609780	no ESM ele se beneficiou de uma melhora
609780	612320	na atividade do mercado no início do trimestre,
614220	619340	e durante este trimestre nós fomos ranqueados
619340	624160	como o primeiro do mercado em número de transações e volume,
624420	628140	e número um também em transações na Latam.
628340	635120	Na última quinta, nós colocamos a primeira IPO desde 2021,
635120	641720	então fomos os coordenadores dessa IPO da Compass,
642140	644900	em 3.2 bilhões de reais,
645260	649420	uma transação de 3.2 que foi 100% secundária.
649920	652340	Então agora passando para a página 11,
653000	657100	nós vemos nossa corporate lending em business banking,
657360	661220	com resultados consistentes impulsionados por receitas,
661220	663920	recordes e expansão do portfólio.
664080	669840	As receitas chegaram a 2.332.000.000,
670000	672320	um aumento de 4.2 no trimestre,
673280	677820	e 20% comparado com o ano passado,
677980	679820	o primeiro trimestre do ano passado.
680740	688000	22% com o portfólio de crédito alcançou 281 bilhões.
688280	693440	Nós reduzimos a atividade de cliente no mercado de capital,
693740	699420	e houve uma ampliação dos spreads de crédito,
699500	702880	mas especificamente em direção ao final do trimestre.
702880	706420	Então nós nos expandimos com alta qualidade aí,
706620	708180	e com spreads atrativos,
708440	713260	e continuamos a nos expandir e diversificar nosso portfólio,
713520	715360	diferentes geografias,
715620	717720	com muita atração aí,
718020	720880	e também com os bancos americanos,
721620	724160	que começaram a operar neste trimestre.
724220	726420	Agora passando para sales and trading,
726580	727520	na página 12,
729420	731960	vemos resultados sólidos aí,
732280	734480	sustentados pela atividade de clientes,
734660	736240	com redução do VAR,
736780	740660	como resultado da nossa gestão de riscos aí,
741720	744320	com uma abordagem muito dinâmica,
744640	747080	atingimos aí 1.877.000.000,
747340	752220	uma queda de 6.6 nos resultados aí,
752700	754600	comparados com o trimestre anterior,
754720	755580	que foi o nosso melhor,
755580	760160	mas é um crescimento de 43% na comparação anual.
760380	763140	A performance foi impulsionada aí,
763280	766520	pela forte atividade de produtos e serviços
766520	768560	que oferecemos ao nosso cliente,
768640	773600	e o nosso VAR se reduziu para 0.32,
774860	777660	com uma abordagem mais conservadora,
777680	780680	e por conta dos riscos geopolíticos,
780900	784060	que aumentaram a volatilidade do mercado.
784060	787480	E o nosso componente de risco,
787700	790280	o VAR, caiu para 22%,
790280	794760	é uma abordagem mais conservadora aí no final do trimestre,
795020	798040	mas continuamos a aumentar o nosso portfólio,
798180	799800	diversificando o nosso risco.
800860	803480	Agora passamos para asset management,
803480	804820	na página 13,
805140	810600	onde nós vimos uma expansão contínua,
810600	814320	beneficiada pela forte captação líquida
814320	816620	em diferentes segmentos,
816740	818380	nas nossas linhas de negócios.
818580	822060	Tivemos receitas de R$ 783 milhões,
822060	825240	uma queda de 8,9%,
825240	829780	em comparação com o trimestre anterior,
829780	831380	muito forte,
832340	834120	que foi muito forte,
834180	839780	mas comparado com o primeiro trimestre do ano passado,
840040	842060	tivemos um aumento de 6,5%,
843020	845500	com receitas recorrentes,
845500	847700	decorrentes da expansão de ativos,
847700	852940	e uma menor contribuição dos dividendos recebidos,
853180	856920	que foram um pouquinho menor
856920	860440	do que o que a gente registrou em 2025.
860960	864100	O asset under management aumentou,
864300	866380	ultrapassou 1,3 trilhões,
867200	870700	um aumento de 5,3%
871220	873540	de crescimento de aumento no trimestre.
873540	874760	Durante o trimestre,
874920	880620	tivemos R$ 48 bilhões no trimestre,
880620	882560	com uma captação orgânica,
883580	887560	que reflete essa captação relevante
887560	889420	na plataforma de asset service,
889780	892160	tanto como nos fundos sob gestão.
892340	896840	Agora, sobre wealth management e personal banking,
897060	898860	novamente receitas recordes,
899000	901440	com forte crescimento orgânico,
901440	903180	a maior atividade dos clientes,
903220	906000	a receita atingiu R$ 1,5 bilhões,
907000	911100	10% de aumento em relação ao trimestre anterior
911100	915040	e 44% de aumento na comparação anual.
915360	919440	Isso reflete uma forte expansão no segmento
920140	923280	por conta do aumento da atividade de clientes
923280	926580	e a expansão do private banking
926580	928940	e no varejo de alta renda.
929100	930440	O wealth under management
931480	932980	cresceu bastante,
933460	936200	atingindo R$ 88 bilhões,
937000	939360	um aumento realmente significativo
939360	941820	comparado com o primeiro trimestre do ano passado.
942500	946120	New money, R$ 34,9 bilhões,
946880	948740	com captações orgânicas.
948740	951320	Durante o trimestre,
951820	955300	o wealth management do BTG foi reconhecido
955300	958880	em 11 categorias no Euro Money Private Banking Awards,
958900	961360	incluindo os prêmios de melhor private banking
961360	962700	da América Latina e do Brasil
962700	965280	pelo terceiro ano consecutivo
965280	967540	e melhor private banking
967540	970460	para family of services da América Latina.
972000	974480	E agora passando para a página 15,
974760	978000	nós vemos as nossas novas linhas de negócios,
978160	979940	Consumer Finance and Banking,
980780	983960	com crescimento consistente da carteira,
984320	987780	com forte originação de crédito consignado,
989280	993700	completamos a aquisição dos acionistas minoritários do Banco PAN
993700	997280	e agora reconhecemos 100% das receitas e custos
997280	998660	a partir deste trimestre.
998660	1001800	As receitas de crédito chegaram,
1002400	1003840	aumentaram aí,
1004760	1010520	isso por conta da expansão do portfólio,
1010600	1013700	então foram compensadas por essas maiores provisões
1013700	1015380	em veículos também.
1015760	1021480	O portfólio de crédito cresceu e atingiu R$ 73 bilhões,
1021620	1024840	um crescimento de 14% no trimestre,
1024840	1027740	com a contribuição maior,
1027900	1031960	principalmente por conta do consignado,
1032200	1034420	da originação de consignado.
1036820	1038020	E a Tuseguros,
1038040	1042840	as receitas da Tuseguros cresceram 44,2% no trimestre,
1043720	1046940	por conta da mudança regulatória
1046940	1048840	relativa às comissões,
1048960	1049860	e as receitas,
1050300	1051900	e as receitas,
1051920	1052200	então,
1052340	1057040	atingiram um total de R$ 171 milhões.
1058240	1058880	Em abril,
1059340	1061980	concluímos com sucesso
1061980	1064840	a transação do meu tudo.
1066580	1066900	E agora,
1067060	1069980	se passarmos para as nossas despesas
1069980	1071860	e principais indicadores,
1072600	1073540	na página 17,
1074300	1075660	vemos uma...
1076940	1079900	ganho aí de despesas operacionais,
1080120	1083680	com uma alavancagem operacional consistente,
1084540	1089020	com as despesas operacionais totais,
1089140	1093820	que cresceram 1,8% no primeiro trimestre,
1093860	1096120	em função do aumento de salários,
1096940	1100240	e benefícios decorrentes do ciclo anual,
1100400	1103120	e das promoções e reajustes salariais.
1103120	1107960	Os salários e benefícios cresceram 6% no trimestre,
1108220	1113480	refletindo os ajustes de acordo com a inflação e as promoções,
1114380	1117640	por conta da aquisição do Banco Cupã.
1117640	1122160	As despesas administrativas cresceram 4%.
1124120	1126620	Temos aí o impacto
1126620	1131320	da adição da participação do Banco Cupã.
1131840	1134260	A amortização de ágio,
1134320	1135260	8%,
1135260	1137620	por conta da aquisição do Banco Cupã.
1137780	1138720	Em geral,
1139740	1140760	as despesas,
1140760	1145820	o índice de eficiência permaneceu no mesmo patamar.
1149240	1150540	E agora,
1150540	1154180	olhando para o nosso balanço patrimonial na página 19,
1154180	1158000	vemos que o total de ativos cresceu 5%,
1159800	1163300	atingindo 845 bilhões de reais.
1163300	1168400	nossos níveis de liquidez sólidos,
1168420	1172620	com 84 bilhões em caixa e equivalentes de caixa.
1174800	1177320	Nós temos agora também
1177320	1182180	o índice de cobertura que permaneceu em 186%.
1182180	1186120	A nossa carteira de crédito total,
1186880	1189300	incluindo as pequenas e médias empresas
1189300	1193080	e o portfólio de Consumer Finance,
1193400	1196420	representando 4,8 vezes o patrimônio líquido.
1196520	1197040	E agora,
1197860	1201060	nós olhamos para a nossa base de Insecured Funding.
1201360	1203380	Nós vemos que a base de funding
1205500	1208400	atingiu 207 milhões de reais,
1208400	1212220	uma expansão forte no trimestre.
1213160	1215460	O crescimento veio,
1215760	1218060	principalmente do mercado doméstico,
1218340	1219840	com emissões e aí,
1220140	1222200	depósitos a prazo,
1224780	1226620	que atingiram...
1229120	1233760	Nós emitimos 3,1 bilhões em notas subordinadas,
1233880	1235840	reforçando a base de capital,
1236720	1239540	com notas subordinadas de 10 anos.
1239700	1242580	Isso fortaleceu a nossa base de capital.
1242820	1245520	E nosso componente de varejo
1245520	1250920	permaneceu estável em 29% da base total.
1251720	1256140	Os depósitos a prazo cresceram também em linha
1256140	1261800	e agora representam 6,5% da base de funding.
1261800	1264640	E agora, olhando para o índice de Basileia,
1264640	1265720	na página 21,
1266640	1267800	vemos aí o nosso...
1270880	1272200	O capital...
1272200	1276280	O índice de Basileia atingiu 15,9% no trimestre,
1276520	1279800	impulsionado pela emissão das notas subordinadas
1280340	1281720	e do capital...
1281720	1284440	Que contribuíram para o aumento do capital nível 2,
1284580	1285620	como eu já mencionei.
1285620	1291260	E também o capital de nível 1 aumentou em 10%.
1291260	1297360	O nosso VAR se reduziu para 0,32%,
1297360	1300680	com nossa abordagem mais conservadora,
1300680	1304860	por conta do mercado mais volátil ao final do trimestre.
1305020	1306280	Então, como o Roberto mencionou,
1306740	1309920	resultados muito fortes e sólidos mesmo
1309920	1314340	em um mercado volátil que mostra a nossa resiliência
1314340	1317980	e nossa habilidade de navegar de forma lucrativa
1317980	1320660	em cenários desafiadores.
1320800	1322760	Eu acho que com isso nós podemos abrir
1322760	1325040	para a sessão de perguntas e respostas.
1327340	1331780	Agora abrimos a palavra para perguntas de investidores e analistas.
1331980	1334820	Se você tiver alguma pergunta, clique em levantar a mão.
1334820	1339100	A primeira pergunta vem de Renato Meloni,
1340660	1342300	como pesquisador autônomo.
1342620	1343680	Por favor, prossiga.
1345640	1347140	Olá a todos.
1347420	1348660	Renato aqui.
1349320	1350820	Muito obrigado pela...
1351420	1352960	Admitindo a minha pergunta
1352960	1354140	e parabéns pelos resultados.
1354720	1357040	Salute, você falou que o ECM
1357040	1360580	em março teve essa volatilidade.
1360580	1364160	Eu queria ver se você tem uma perspectiva
1364160	1366100	de uma retomada no segundo trimestre
1366100	1368540	e as perspectivas para o resto do ano.
1369200	1371240	Se você puder também fazer comentários
1371240	1373000	sobre ECM em geral,
1373940	1375580	porque a gente vê algumas transações,
1376940	1378540	algumas empresas aí.
1378880	1382060	Como que a gente espera que as coisas aconteçam?
1382160	1382760	Então, muito obrigado.
1383540	1384740	Obrigado, Renato.
1385220	1388380	Olha, sempre é muito difícil fazer previsões.
1388380	1392580	Então, eu acho que veremos o DCM
1392580	1396280	que teve um março muito fraco.
1396540	1399980	Talvez uma retomada aconteça no trimestre 3.
1400400	1402140	E a gente está motivado
1402140	1404420	pelo que a gente está vendo no mercado patrimonial.
1404620	1406380	Tivemos captações significativas.
1407180	1408620	Aí na Latam.
1409540	1411620	E os mercados regionais em geral.
1412240	1414300	Isso diminuiu um pouquinho recentemente,
1414440	1415820	mas como eu mencionei,
1415820	1418560	a gente fez o nosso primeiro IPO em cinco anos.
1418780	1420780	Então, nós estamos motivados
1420780	1423240	pela tendência aí no ECM.
1423700	1427060	Eu acho que nós ainda teremos um trimestre fraco,
1427100	1428080	no segundo trimestre,
1428180	1429020	mas depois retoma.
1429320	1430460	E um follow-up.
1430580	1432220	Por favor, você pode nos dar
1436940	1440040	uma ideia sobre os impactos das receitas?
1440040	1441560	Como que isso vai acontecer?
1441700	1443820	Vai decair agora no trimestre 2?
1445010	1446930	Não, a gente não espera
1447650	1450930	que os nossos índices sejam únicos.
1451770	1454030	Eu acho que a gente volta à média
1454030	1455310	que nós temos visto
1457750	1460210	com o desenvolvimento de negócios,
1460390	1465170	mas não esperamos assim
1465170	1467970	que repita-se essa quantidade de receitas.
1468250	1469930	Ok, muito obrigado pelas respostas.
1471370	1475290	A próxima pergunta vem de Daniel Vaz,
1475550	1476850	do Safra.
1477030	1478030	Por favor, prossiga.
1479650	1482050	Olá, olá, salute com.
1482530	1483290	Olá a todos.
1483490	1484690	Parabéns pelos resultados.
1485090	1486490	Eu tenho duas perguntas
1486490	1488830	sobre consumer finance.
1488990	1492090	Essa vertical teve um trimestre muito positivo.
1494450	1497090	eu tenho visto aí essas oportunidades
1497790	1500650	no varejo, em todas as minhas interações,
1500770	1502270	então é bom ver os resultados.
1502910	1506310	E sobre o consignado,
1506850	1508370	a gente vê alguns relatórios
1508370	1511270	sobre o custo do risco do produto
1511270	1514110	no primeiro trimestre.
1514110	1515390	Eu queria saber
1515390	1519810	como as safras de vocês estão performando
1519810	1522270	e se vocês acham tudo bem
1522270	1524890	trabalhar com estes níveis de risco aí.
1525310	1527830	Essas safras estão dando confiança
1527830	1529290	para vocês acelerarem?
1529450	1531830	Ou é importante refletir um pouquinho mais
1531830	1533370	e revisar as coisas?
1533570	1535030	E a segunda pergunta é
1535030	1536510	sobre o meu tudo.
1536810	1539210	A aquisição foi concluída em abril
1539210	1542030	e eu acho que este trimestre
1542030	1543630	realmente não reflete
1543630	1545370	a consolidação econômica
1545370	1546790	para este negócio.
1547030	1548770	Alguma dica aí
1548770	1550390	sobre a contribuição
1550390	1552470	que o meu tudo dará
1552470	1553450	para esta vertical
1553450	1555170	de consumer finance?
1556730	1558910	Bom, começando com a segunda pergunta.
1559390	1561010	Os números incluem
1561010	1562950	nossa participação
1562950	1566210	no portfólio originado pelo meu tudo,
1566310	1567750	mas não temos receitas
1567750	1568810	atribuídas ainda
1568810	1570190	isso vai começar aí
1570190	1571630	no segundo trimestre.
1572890	1575410	E a gente está bem feliz
1575410	1576470	com a transação.
1578830	1580510	A gente acha que é
1581630	1583490	um cenário aí fantástico.
1583590	1585410	E sobre os consignados,
1585990	1588770	até agora estamos satisfeitos.
1589130	1592790	Tudo tem sido bem aderente
1592790	1594750	ao nosso underwriting,
1595030	1595870	a performance,
1595870	1597850	se os custos,
1597970	1599510	tudo reflete o que a gente
1600630	1601210	esperava.
1601710	1603370	Então, eu acho que isso é devido
1603370	1604750	provavelmente à diferença
1604750	1606210	quando a gente analisa
1606210	1607210	o que está acontecendo
1607210	1607730	no mercado.
1609260	1610700	algumas perguntas,
1610720	1612380	algumas perguntas não diferenciam
1612380	1614380	muito bem sobre
1614380	1616500	como alguns clusters
1616500	1618740	estão classificados
1618740	1620260	tão fracamente,
1620640	1621780	mas a gente até agora
1621780	1623240	está bem satisfeito
1623240	1624260	com os resultados.
1625780	1630460	claro que tivemos desafios operacionais
1630460	1631600	aí no começo,
1631800	1633240	mas conforme o tempo passa
1633240	1635720	estamos fortalecendo aí nessa área.
1635940	1637420	E se você puder também
1637420	1639480	dar um pouco de ideia
1639480	1641460	sobre o risco de...
1642120	1643700	o custo do risco,
1644440	1646160	eu acho que as receitas
1646160	1647140	já estão livres aí
1647140	1647980	do risco de custo.
1647980	1648780	sim, sim,
1648800	1650080	já estão livres.
1650580	1652020	E também das
1652020	1653000	operações...
1653000	1653760	das despesas
1653760	1655500	operacionais.
1657140	1658820	Ok, muito obrigado.
1659160	1659680	Muito obrigado.
1662200	1664160	A próxima pergunta
1664160	1666500	vem de Arno Schrasse
1666500	1667420	do Citi.
1667900	1669080	Por favor, prossiga.
1670720	1672420	Olá, bom dia a todos.
1672760	1674660	Parabéns pelos resultados.
1675400	1676620	Minha pergunta é sobre
1676620	1678060	o asset quality
1679040	1680760	ligado aí ao estágio 2
1680760	1682220	incluído neste trimestre.
1682500	1684380	Eu imagino o que está por trás disso.
1684480	1685480	Tem alguma coisa aí
1685480	1687560	ligada a alguma aquisição
1687560	1689020	ou tem...
1689020	1691500	ou é um impacto único?
1694680	1695280	Desculpa,
1695360	1696400	eu não sei se eu entendi.
1696400	1698400	Você falou sobre o estágio 2
1698400	1699240	e estágio 3?
1699380	1700660	Você pode repetir a pergunta?
1701100	1701660	Sim, claro.
1701900	1702660	Estágio 2
1702660	1703840	e estágio 3.
1705240	1706620	Como parte do
1706620	1707860	portfólio total,
1708460	1708880	então,
1710100	1712020	diz que aumentou 7%
1712020	1713540	neste primeiro trimestre.
1713820	1714420	Então, eu quero saber
1714420	1715360	o que está por trás
1715360	1716200	deste aumento.
1717600	1719040	Eu acho
1719040	1719660	que
1719660	1721520	não aumentou.
1722500	1723220	Assim,
1723560	1723760	bom,
1723840	1725240	aumento é que o portfólio
1725240	1725940	cresceu
1725940	1727700	em linha com isso.
1727700	1728300	então,
1728500	1730200	nós temos o crescimento
1730200	1730900	do portfólio
1730900	1731540	do Banco Pan
1731540	1732560	que
1734180	1734940	tem aí
1734940	1736300	um componente maior
1736300	1737780	aí no estágio 2 e 3.
1738800	1739380	Então,
1739500	1740180	é um mix,
1740560	1740680	né?
1740780	1741480	Se a gente
1742760	1743340	tiver
1745780	1746360	uma...
1746360	1747900	um share maior
1752460	1753340	dentro do
1754260	1755200	portfólio total
1755200	1756060	aí da parte do
1756060	1757140	Consumer Finance
1757140	1758960	que chegou
1758960	1759900	de 82%
1759900	1760920	a 100%.
1760920	1761160	Então,
1761300	1761720	a gente tem
1761720	1762560	esse impacto.
1762720	1762800	Mas,
1762900	1763840	quando você olha
1763840	1767560	para as partes
1767560	1768800	em separado,
1769020	1770540	você não verá
1770540	1771600	um aumento.
1771940	1772080	Então,
1772160	1772840	a gente apenas
1772840	1773980	adicionou
1774840	1776380	20% adicional
1776380	1776760	aí do
1776760	1777720	Consumer Finance
1777720	1778360	para os números
1778360	1778960	totais.
1779160	1780160	E a razão
1780160	1781820	pela qual você vê
1781820	1782660	este aumento
1782660	1783200	é essa.
1784540	1785540	Ah,
1785760	1786340	entendi,
1786580	1787100	entendi.
1787720	1788320	Eu pensei
1788320	1789100	que era em termos
1789100	1790100	de provisões
1790100	1791200	o aumento
1791200	1793460	para este
1793460	1794300	portfólio.
1796540	1797540	É,
1797800	1798360	eu acho
1798360	1798860	que
1798860	1801080	as provisões
1801080	1802500	estão alinhadas
1802500	1804400	também
1804400	1805200	com os tipos
1805200	1806240	de crédito
1807820	1809520	que você tem.
1813140	1813800	então,
1814100	1815080	quando você
1815080	1817060	pega o Banco Pan,
1817280	1817740	o portfólio
1817740	1818380	do Banco Pan,
1819240	1820320	ele tem
1820320	1820700	um,
1822460	1823120	um,
1824840	1825980	uma jornada
1825980	1826340	inicial
1828080	1829280	mais sólida,
1829280	1829520	assim,
1829580	1830000	do que o
1830000	1830480	Corporate
1830480	1830780	Landing.
1831020	1831140	Então,
1831520	1832300	quando a gente
1832300	1834420	aumenta em 20%
1834420	1835480	da nossa participação
1835480	1836980	no Banco Pan,
1836980	1838220	este impacto
1838220	1839020	acontece,
1839200	1839300	né?
1839740	1839960	Sim,
1840180	1840360	sim,
1840500	1840780	tá bom,
1840920	1841180	obrigado.
1845900	1847220	E a próxima
1847220	1847860	pergunta
1847860	1848440	vem
1848440	1850920	de Guilherme
1850920	1851800	Grispen,
1851980	1853420	do JP Morgan.
1853880	1854340	Por favor,
1854440	1854900	prossiga.
1857440	1857940	Bom dia,
1858200	1858620	salute,
1859020	1859440	Renato,
1859540	1860220	obrigado pela
1860220	1861100	apresentação,
1861240	1862180	parabéns.
1862180	1863900	e um follow-up
1863900	1864440	sobre o
1864440	1866240	Consumer Banking,
1866380	1867260	essa opcionalidade,
1867380	1867960	eu queria só
1867960	1869220	um follow-up
1869220	1870380	sobre as mudanças
1870380	1871040	regulatórias
1871040	1871620	que tivemos
1871620	1872320	recentemente,
1872380	1873860	a primeira foi
1873860	1875280	sobre o consignado
1875980	1877160	e eu não sei
1877160	1878100	se você pode,
1880260	1880540	né?
1880740	1881280	Agora nós
1881280	1881920	temos uma
1881920	1882460	fórmula
1882460	1884180	que limita
1884180	1884440	aí
1884440	1885300	as taxas
1885300	1885880	de juros,
1886040	1886160	então,
1886320	1887080	qual que é o apetite
1887080	1888440	para esse
1888440	1889160	segmento?
1889320	1890220	E também
1890220	1891740	a mudança
1891740	1892440	que veio
1892440	1893460	no consignado
1893460	1893880	que veio
1893880	1895720	com o desenrola,
1896440	1896560	né?
1896720	1897220	Para cá,
1897340	1898420	reduzir um pouco,
1898660	1899380	então você pode
1899380	1900520	talvez compensar
1900520	1901100	isso com
1901100	1902740	margens mais altas
1902740	1903620	para o consignado
1903620	1904080	tradicional,
1904240	1905200	mas do ponto de vista
1905200	1905880	do Banco Pan,
1906000	1906480	como que esses
1906480	1908000	movimentos impactam
1908000	1909440	o apetite
1909440	1910520	e o portfólio
1910520	1911680	de empréstimos?
1911940	1912480	Obrigado.
1913240	1913520	Bom,
1913640	1914200	primeiro
1914200	1914860	sobre
1916520	1917640	o cap,
1917820	1918500	o teto
1918500	1919280	aí do
1920600	1921200	consignado,
1921220	1922300	ele é
1922300	1923440	15%
1923440	1924000	da nossa
1924000	1924720	produção
1924720	1925420	nos
1925420	1926520	clusters
1926520	1927120	de risco
1927120	1928140	mais elevado,
1928440	1929020	então,
1929040	1929680	talvez a gente
1929680	1930240	realmente não
1930240	1930840	vai fazer
1930840	1932300	essas operações,
1932320	1932580	mas,
1932700	1933280	por enquanto,
1933500	1934180	não nos
1934180	1935100	afetou,
1936180	1936780	então,
1937000	1937580	dentro dos
1937580	1938080	diferentes
1938080	1938900	clusters
1938900	1939700	de risco
1939700	1939940	aí,
1940080	1940860	o segundo,
1942520	1943720	houve mudanças
1943720	1944300	aí com o
1944300	1945100	desenrola,
1945280	1946100	a primeira foi
1946100	1946940	a unificação
1946940	1947520	do limite,
1947520	1948080	o que eu
1948080	1948760	acho bem
1948760	1949540	saudável,
1949780	1950860	eu diria
1950860	1951460	que é
1951460	1952240	neutro,
1954360	1954880	levemente
1954880	1955660	positivo
1955660	1956280	aí para o Pan,
1956420	1956860	se você me
1956860	1957440	perguntar,
1957560	1957620	né,
1957680	1958200	e o segundo
1958200	1958840	é que com o
1958840	1959200	tempo,
1961260	1962300	o total
1962300	1963040	aí com o qual
1963040	1964080	nos comprometemos
1964080	1965080	vai se reduzir,
1965240	1966160	isso é o resultado
1966160	1966780	da produção
1966780	1967620	do mercado aí,
1967760	1967820	né,
1967900	1968540	neste tempo,
1968800	1969860	e esta
1969860	1970500	linha
1970500	1971040	não
1971580	1972380	é muito
1972940	1973460	significativa
1973460	1974060	para nós
1974060	1974440	nos
1975520	1975920	trimestres
1976820	1977220	passados,
1977360	1977760	mas a gente
1977760	1978520	espera crescer,
1978660	1979020	mas a gente
1979020	1979760	foi afetado
1979760	1980600	como o resto
1980600	1981080	do mercado,
1981240	1982040	mas pessoalmente
1982040	1982540	eu acho que
1982540	1982920	é algo bem
1982920	1983720	saudável
1983720	1984980	para a sociedade
1984980	1985980	como um
1985980	1986680	todo e para
1986680	1988200	o ambiente
1988200	1988920	macro,
1989080	1989580	eu acho
1989580	1990060	que,
1991820	1992220	bom,
1992380	1992900	pessoalmente
1992900	1993520	eu não gosto
1993520	1994340	de tetos,
1994480	1994840	eu acho que
1994840	1995240	o mercado
1995240	1996480	se regula,
1997920	1998320	então,
1998640	1998820	sabe,
1998940	1999540	com o mercado
1999540	2000340	de alto risco,
2000460	2001060	você às vezes
2001640	2002040	paga,
2002520	2003320	vai acabar
2003320	2005240	pagando taxas
2005240	2005560	de juros
2005560	2005940	maiores
2005940	2006600	em outro lugar
2006600	2007680	e as mudanças
2007680	2008920	no INSS
2008920	2010500	foram positivas,
2010780	2011340	ok,
2011840	2012240	e para
2012240	2013080	ficar claro,
2013480	2014080	eu imaginei
2014080	2014680	que os novos
2014680	2015180	tetos
2015180	2016120	são relacionados
2016120	2016540	a como
2016540	2016960	que você
2016960	2017480	liga
2017480	2018100	o seguro
2018100	2018900	ao produto,
2019420	2019700	acho que
2019700	2020000	isso não
2020000	2020500	afeta
2020500	2020980	o banco
2020980	2021740	PAM
2021740	2022660	ou consignado
2022660	2022980	que você
2022980	2023360	origina,
2023540	2023700	certo?
2024520	2024980	Não,
2025100	2025160	não,
2025460	2026860	nada significativo,
2027020	2027460	tudo dentro
2027460	2028580	dos parâmetros,
2030080	2030240	né,
2030840	2031580	nós temos
2031580	2032940	um produto,
2032940	2033880	aí que vai
2033880	2035380	ir ao vivo,
2035560	2036020	mas isso
2036020	2036460	nós vamos
2036460	2037120	adaptar
2038380	2039460	em breve.
2040460	2040860	A próxima
2040860	2041820	pergunta vem
2041820	2043040	de Marcelo
2043040	2043940	Mizrahi
2044940	2046300	do Bradesco,
2046360	2046760	PPI,
2047120	2047900	por favor,
2048020	2048460	prossiga.
2050660	2051420	Olá,
2051780	2052440	parabéns
2052440	2053300	pelos resultados,
2053700	2054540	muito fortes,
2054620	2055080	novamente,
2055520	2056360	minha pergunta
2056360	2057340	também é sobre
2057340	2058560	o Consumer Banking,
2059380	2059900	o Salute
2059900	2061100	falou sobre
2062440	2063160	a
2064160	2064880	consolidação
2064880	2065660	do portfólio
2065660	2066320	do meu
2066320	2066540	tudo,
2066720	2067140	mas não as
2067140	2067720	receitas,
2067820	2068080	então,
2068240	2068580	para mim,
2068800	2070200	o ritmo
2070200	2071180	desta
2071940	2072660	lucratividade
2072660	2073420	do
2075300	2076740	Consumer Banking
2076740	2077760	vai melhorar
2077760	2078720	muito no próximo
2078720	2079300	trimestre,
2079380	2079480	então,
2079540	2080020	minha pergunta
2080020	2081300	é se faz sentido
2081300	2083080	ver o NIMS
2085100	2086540	nesse trimestre
2086540	2087120	vai ser
2087120	2088480	mais alto
2089540	2090500	e também
2090500	2091100	nos próximos
2091100	2091980	trimestres também,
2091980	2092760	e sobre os
2092760	2093680	ajustes
2093680	2095500	na contabilidade
2095500	2096480	dos veículos,
2096740	2097180	minha pergunta
2097180	2098120	é quanto
2098120	2099620	foi o
2099620	2100260	impacto
2100260	2101140	na receita
2101140	2101680	devido a
2101680	2102380	esse ajuste,
2102440	2102760	obrigado.
2105460	2106260	Oi,
2106400	2107100	Marcelo,
2108780	2109460	você está
2109460	2110140	certo,
2112340	2113140	nós
2113140	2113700	não
2113700	2114900	registramos
2114900	2115820	as receitas
2115820	2117400	de acordo
2117400	2118120	do meu
2118120	2118460	tudo
2118460	2119000	no primeiro
2119000	2119760	trimestre,
2120140	2121320	porque a
2121320	2121820	transação
2121820	2122860	foi concluída
2122860	2123580	em abril,
2123760	2123920	então,
2124060	2124400	no segundo
2124400	2125260	trimestre
2125260	2126060	nós vamos
2129100	2129900	contabilizar
2129900	2130260	essas
2130260	2131180	transações,
2131400	2132400	essas receitas,
2132400	2133060	desculpe,
2134920	2135500	é difícil
2135500	2136240	dizer
2137580	2138660	a alíquota
2138660	2139020	do banco,
2139120	2139420	a taxa
2139420	2139920	do banco
2139920	2140580	provavelmente
2140580	2140980	vai ser
2140980	2141800	mais alta,
2142540	2143220	depende
2143220	2143540	do
2143540	2144180	como o
2144180	2145000	portfólio
2145000	2145440	vai se
2145440	2146280	desenvolver
2146280	2146620	durante
2146620	2147460	o segundo
2147460	2148580	trimestre,
2148740	2148880	a gente
2148880	2149480	espera
2149480	2150240	receitas
2150240	2151280	mais altas
2151280	2151620	durante
2151620	2152000	esse
2152000	2152440	segundo
2152440	2153540	trimestre,
2153700	2154080	e a segunda
2154080	2154840	pergunta,
2155180	2155920	eu não sei
2155920	2156480	se eu
2156480	2156960	entendi
2156960	2157340	direito,
2157500	2157900	você pode
2157900	2158340	repetir
2158340	2158880	por favor?
2173660	2174340	Marcelo,
2174560	2174980	a segunda
2174980	2175560	pergunta,
2175640	2176140	acho que se
2176140	2177440	relaciona
2177440	2178120	às provisões
2178120	2178840	para empréstimos
2178840	2180020	de veículos,
2180020	2182020	nós
2183960	2185020	geralmente
2185020	2185500	nós
2185500	2186340	revisamos
2186340	2187840	nossos
2187840	2188700	modelos
2188700	2189020	para
2189020	2190280	provisionamento
2190280	2192240	e aumentamos
2192240	2193100	um pouco
2193100	2193640	os níveis
2193640	2194860	de provisão
2194860	2195400	para o
2195400	2196220	portfólio
2196220	2197360	agora
2197360	2198400	no começo
2198400	2199000	do primeiro
2199000	2199700	trimestre,
2199760	2200300	então teve
2200300	2200700	um pequeno
2200700	2201240	efeito
2201240	2202460	por isso.
2212380	2213500	O impacto
2213500	2214120	foi mais
2214120	2214600	alto
2214600	2215060	do que
2215060	2216360	o impacto
2216360	2216760	único
2216760	2217900	dos seguros?
2226980	2227900	Eu acho
2227900	2228240	que
2228240	2229500	foi
2229500	2230200	um valor
2230200	2231620	semelhante,
2231820	2232300	Marcelo.
2232460	2232800	Ok,
2233000	2233280	obrigado,
2233540	2233940	obrigado.
2238200	2239000	Obrigado,
2239440	2240100	a próxima
2240100	2240740	pergunta
2240740	2241480	vem de
2241480	2242360	Antônio
2242360	2243020	Gureti
2243020	2243400	do
2243400	2244960	Bank of
2244960	2245440	America,
2245840	2246420	por favor
2246420	2247060	prossiga.
2249960	2250760	Olá,
2251180	2251660	obrigado,
2252520	2253020	a minha
2253020	2253820	pergunta
2253820	2254620	é sobre
2254620	2255020	a
2255020	2255680	qualidade
2255680	2257020	dos ativos,
2257160	2257800	você falou
2257800	2258560	já um pouco
2258560	2259000	sobre isso,
2259080	2259360	mas minha
2259360	2259920	pergunta
2259920	2261020	é,
2261220	2261480	bom,
2261480	2262580	nós tivemos
2262580	2263140	um,
2264920	2265860	os nossos
2265860	2266560	cinco primeiros
2266560	2267160	meses aqui
2267160	2269040	do ano,
2269160	2269960	nós tivemos
2269960	2270760	a guerra,
2270920	2271620	tivemos juros
2271620	2272340	altos,
2272420	2272900	minha pergunta
2272900	2273480	é como que
2273480	2274140	a qualidade
2274140	2275000	dos ativos
2275000	2275540	está se
2275540	2276420	comportando
2276420	2277540	comparado
2277540	2277980	às suas
2277980	2278860	expectativas
2278860	2279220	e o que
2279220	2280260	você espera
2280260	2281320	para os meses
2281320	2282080	que virão
2282080	2282800	e como que
2282800	2284080	vocês avaliam
2284080	2285420	as linhas
2285420	2286080	para as
2286080	2286640	pequenas e
2286640	2286840	médias
2286840	2287480	empresas,
2288820	2290260	as garantias
2290260	2291500	dadas pelo
2291500	2292000	governo
2292000	2293840	e também
2294660	2295720	se temos
2295720	2296700	preocupações
2296700	2297340	em relação
2297340	2298600	aos débitos
2298600	2299200	das
2299200	2300460	pequenas e
2300460	2300640	médias
2300640	2301260	empresas,
2301840	2302280	como que isso
2302280	2303100	impacta
2303100	2305040	e a taxa
2305040	2305780	de juros,
2305880	2306280	como que isso
2306280	2306940	impacta
2306940	2307340	essas
2307340	2308740	empresas
2308740	2309120	que têm
2309120	2309520	garantias
2309520	2309940	do governo.
2310180	2310760	Obrigado.
2311600	2312420	Obrigado.
2312620	2312720	Bom,
2313140	2314100	na verdade,
2314780	2315600	nós
2315600	2318500	já estivemos
2319740	2320560	fazendo
2320560	2321200	aí
2321200	2322200	essa
2323720	2324540	underwriting,
2324860	2325740	essa originação
2325740	2326180	aí,
2326420	2327260	já com esse cenário
2327260	2327980	em mente,
2328480	2329040	a gente vê
2329040	2329740	a performance
2329740	2331020	do portfólio
2331020	2332400	melhor
2332400	2333520	do que a gente
2333520	2334580	modelou
2334580	2335460	tanto para
2335460	2336640	o trimestre
2336640	2338380	e do lado
2338380	2339580	do consumer finance.
2339580	2340820	e como você
2340820	2341860	mencionou,
2342000	2343040	neste primeiro
2343040	2344120	trimestre,
2344300	2344700	nos últimos
2344700	2345340	meses,
2345720	2346060	especialmente
2346060	2346500	do lado
2346500	2347600	corporativo,
2348160	2348400	a gente
2348400	2349400	teve alguns
2349400	2350480	eventos aí,
2351480	2352440	não tivemos
2352440	2353380	uma exposição
2354100	2354820	significativa
2354820	2356440	a essas
2356440	2357080	situações
2357080	2357620	aí de
2357620	2358860	high profile,
2359040	2359820	de alto risco,
2359920	2360000	né,
2360360	2360860	relatadas,
2361060	2361700	e do lado
2361700	2362840	das PMEs,
2362960	2363800	a gente ainda
2363800	2364320	está
2366200	2366920	nos
2368320	2369040	recebíveis
2369040	2369560	aí do
2369560	2370780	credit card,
2370960	2371600	do cartão
2371600	2372440	de crédito,
2373160	2374340	e no
2374340	2376100	corporate finance,
2376300	2376440	então,
2376600	2376860	são
2377620	2378340	garantidos
2378340	2379020	pelo governo,
2379280	2379720	não estamos
2379720	2380440	aí nesses
2380440	2381320	produtos,
2381520	2381860	mas
2383220	2384660	em pouco
2384660	2385120	não vemos
2385120	2385840	problemas
2385840	2386900	nesse lado,
2387160	2387880	e do lado
2387880	2389120	do consumer finance,
2389460	2390080	em algum
2390080	2390680	momento,
2390680	2391520	nós veremos
2391520	2392820	uma retomada
2392820	2394880	nas provisões,
2394900	2395560	aí do lado
2395560	2396560	do consumer finance,
2396700	2397280	é similar
2397280	2398020	ao que você
2398020	2398900	está falando aí,
2399200	2399760	com esses
2399760	2401180	eventos corporativos
2401180	2401680	aí que nós
2401680	2403100	temos visto,
2403220	2403340	né,
2404040	2404680	recentemente,
2404900	2405540	mas
2405540	2406320	digamos que
2406320	2407300	ainda estão
2407300	2408120	dois,
2408300	2409580	três trimestres
2409580	2410600	devido
2410600	2410980	ao
2410980	2412740	as interações
2412740	2413680	do governo
2413680	2414360	aí que
2415180	2415820	continuam
2415820	2416520	a beneficiar
2416520	2417220	o consumidor,
2417460	2417820	mas
2417820	2418780	estamos
2418780	2420240	originando aí
2420240	2421120	com um cenário
2421120	2422320	mais conservador
2422320	2423860	e o portfólio
2423860	2425100	está performando
2425100	2426360	melhor do que
2426360	2427020	o que a gente
2427020	2427420	tinha
2427420	2428940	esperando.
2429960	2430100	Ok,
2430280	2430660	está claro,
2430760	2431240	muito obrigado.
2434180	2435320	A próxima
2435320	2436000	pergunta
2436000	2436800	vem de
2436800	2438140	Thiago
2438140	2438820	Bensfield
2438820	2440420	do Goldman Sachs,
2440600	2441100	por favor
2441100	2441700	prossiga.
2444200	2444960	Olá,
2445220	2445640	salute,
2445880	2446360	com minha
2446360	2446800	pergunta
2446800	2447300	é sobre
2447300	2448240	eficiência,
2448240	2448940	nós vemos
2448940	2449720	que vocês
2449720	2450180	têm
2450920	2451940	11 mil
2451940	2452980	funcionários
2452980	2453480	aí com a
2453480	2454340	consolidação
2454340	2454820	do PAN,
2455280	2455740	qual que é o
2455740	2456100	tamanho
2456100	2457200	correto
2457200	2457640	para
2457640	2458380	gerir,
2458540	2459520	gerenciar
2459520	2460220	um banco?
2461080	2461940	A Lute
2461940	2462160	acho que
2462160	2462840	falou que
2462840	2464220	os índices
2464220	2464940	de eficiência
2464940	2465660	devem voltar
2465660	2466420	a ser os
2466420	2467260	anteriores,
2467360	2467940	então se vocês
2467940	2468500	pudessem
2468500	2469360	elaborar
2469360	2470020	quando que
2470020	2470500	vocês
2471900	2472680	esperam aí
2472680	2473040	que essa
2473040	2473800	alavancagem,
2473940	2474620	essa sinergia
2474620	2475260	aconteça?
2475260	2475760	bom,
2475920	2476180	a gente
2476180	2476800	espera
2476800	2477400	que
2477400	2478180	comece
2478180	2479300	a mostrar
2480460	2481180	comecemos
2481180	2481740	isso
2481740	2482140	comece
2482140	2482500	a acontecer
2482500	2483080	no próximo
2483080	2483440	ano,
2483540	2484200	este ano
2484200	2485000	nós ainda
2485000	2485380	estamos
2485380	2486420	operando
2486420	2487720	com dois
2487720	2488500	sistemas
2490140	2490860	bancários,
2490940	2491180	né,
2491520	2492660	então nós
2492660	2492880	vamos
2492880	2493680	operar em
2493680	2494260	apenas um
2494260	2495220	core banking
2495220	2496640	no começo
2496640	2496900	do ano
2496900	2497240	que vem
2497240	2498040	e ao mesmo
2498040	2498340	tempo
2498340	2498920	temos que
2498920	2499800	nos lembrar
2499800	2500500	que estamos
2500500	2501380	adicionando
2501380	2501740	novas
2501740	2502360	geografias,
2502620	2503300	novas
2503300	2504340	unidades
2504340	2505560	de negócios
2505560	2505840	e,
2507080	2507220	bom,
2507340	2507900	temos visto
2507900	2508480	o mercado
2508480	2509040	mais
2509040	2510060	estável
2510060	2510440	desde
2510440	2511140	o final
2511140	2511820	de 24
2511820	2512380	e com
2512380	2512640	isso
2512640	2513560	ganhamos
2513560	2514620	eficiência
2514620	2515660	unificando
2515660	2516260	os controles
2516260	2517360	de back-office
2517360	2518580	entre o PAN
2518580	2519200	e o BTG
2519200	2519640	ao mesmo
2519640	2520080	tempo
2520080	2521220	expandindo
2521220	2521720	novas
2521720	2522640	contas,
2522840	2523100	novas
2523100	2524100	geografias
2524100	2524460	no middle
2524460	2524920	market
2524920	2525560	no Brasil
2525560	2526840	no banco
2526840	2527760	nos Estados
2527760	2528100	Unidos,
2528320	2529300	em Luxemburgo,
2529580	2530480	então nós
2530480	2531380	esperamos
2531380	2532300	que o
2532300	2532780	índice
2532780	2534780	de eficiência
2536040	2536660	comece
2536660	2538020	a melhorar
2538020	2538520	realmente
2538520	2539400	no segundo
2539400	2540340	semestre
2540340	2541380	deste ano
2541380	2542360	e que
2542360	2542980	eu tenho
2542980	2543400	um ritmo
2543400	2543680	bom
2543680	2543960	no ano
2543960	2544220	que vem,
2544340	2544600	mas não
2544600	2545120	temos uma
2545120	2545580	guidance
2545580	2547040	para dar
2547040	2547440	para vocês,
2547520	2547980	é mais uma
2547980	2548880	soft guidance
2549560	2550180	baseada
2550180	2551080	em expectativas
2551080	2551580	e não em
2551580	2552200	exercícios
2552200	2553140	matemáticos.
2554280	2554900	Ok,
2555060	2555580	muito útil,
2555760	2556060	obrigado.
2559200	2560180	A próxima
2560180	2560740	pergunta
2560740	2561200	vem
2561200	2562660	de Henrique
2562660	2563560	Navarro
2563560	2564500	por favor,
2564820	2565760	do Santander
2565760	2566400	desculpem,
2566520	2566880	por favor
2566880	2567480	prossiga.
2570680	2571360	Olá,
2571500	2572240	bom dia,
2572700	2573560	parabéns
2573560	2574500	pelos resultados,
2575000	2575440	primeira
2575440	2575840	pergunta
2575840	2576280	sobre o
2576280	2577020	NetNewMoney,
2577820	2578720	teve uma
2578720	2579560	queda menor
2579560	2580400	comparada
2580400	2581040	com os últimos
2581040	2581840	trimestres,
2581980	2582580	como vocês
2582580	2582920	veem
2582920	2583700	os níveis
2583700	2585580	de sustentabilidade
2585580	2586740	do NetNewMoney?
2586900	2587160	Essa é a
2587160	2587400	primeira
2587400	2588000	pergunta,
2588500	2589160	a segunda,
2589160	2589880	se eu não me
2589880	2590200	engano,
2590540	2590980	no quarto
2590980	2591780	trimestre,
2591980	2592640	vocês falaram
2592640	2594380	que acreditavam
2594380	2595400	que no futuro
2595400	2596180	o Banco Pan
2596180	2597940	tem o potencial
2597940	2598680	de ter o mesmo
2598680	2599980	ROE do
2601240	2601920	BTG,
2601960	2602800	minha pergunta
2602800	2603320	é,
2603540	2604580	isso ainda é
2604580	2605280	válido?
2605580	2606400	E quando
2606400	2607460	vocês veem
2607460	2608340	que este número
2608340	2608820	será
2608820	2610180	alcançado?
2610340	2610940	Obrigada.
2611920	2612360	Oi,
2612400	2612880	Navarro,
2613020	2613120	olha,
2615020	2616380	não sei
2616380	2617040	se eu concordo
2617040	2617260	com,
2617480	2618100	eu acho
2618100	2619160	que o NetNewMoney
2619160	2620000	foi bem
2620000	2620780	forte,
2620860	2621680	mais uma vez,
2621880	2622300	porque foi
2622300	2623560	puramente orgânico,
2623820	2625360	o nosso quarto
2625360	2625940	trimestre
2625940	2626920	foi mais alto,
2627260	2628940	108 bilhões,
2629640	2631320	mas o terceiro
2631320	2632620	trimestre
2632620	2634220	de NetNewMoney
2634220	2635040	foi 82,
2636060	2636560	e se eu não
2636560	2637440	me engano,
2637660	2638940	nós adicionamos
2638940	2640260	18
2640260	2641820	com a
2641820	2642380	aquisição
2642380	2643460	do JJP,
2643740	2644700	daquele negócio,
2644700	2646540	e no
2646540	2647180	segundo
2648540	2649580	trimestre
2649580	2650820	o NetNewMoney
2650820	2652260	foi 58,6,
2652300	2653080	no primeiro
2653080	2654040	trimestre
2654040	2654400	era
2654400	2656120	107,
2656120	2657060	mas tivemos
2657060	2657800	a aquisição
2657800	2658900	do Julius Baer
2658900	2659820	com 62
2659820	2661540	milhões,
2661780	2662420	então isso
2662420	2663000	é
2663000	2664440	um número
2664440	2665320	muito
2665320	2666040	forte
2666040	2667260	de NetNewMoney
2667260	2668020	puramente
2668020	2668880	orgânico,
2668900	2669580	que só é
2669580	2670080	menor
2670080	2670440	do que
2670440	2670900	o quarto
2670900	2671740	trimestre.
2673940	2674020	Então,
2674760	2675440	e,
2675600	2676140	bom,
2676300	2677140	e com relação
2677140	2677600	à pergunta
2677600	2678580	sobre o Banco Pan,
2678760	2679380	eu acho que a gente
2679380	2680740	espera o ROE
2682160	2682840	aumentar
2682840	2684000	trimestre
2684000	2685080	a trimestre
2685080	2686020	e
2686880	2687560	atingiremos
2687560	2688360	o mesmo
2688360	2689340	ROI
2689340	2690160	no BTG
2690160	2691100	como um todo
2691100	2692100	em
2692100	2693400	2028,
2694480	2695160	meados
2695160	2696160	de 2028.
2696560	2696940	Ok,
2697080	2697360	obrigado.
2701460	2702140	Obrigado.
2702140	2702360	Obrigado.
2703840	2705000	e isso
2705000	2705680	nos traz
2705680	2706340	ao final
2706340	2706980	da sessão
2706980	2707740	de perguntas
2707740	2708660	e respostas.
2708900	2709580	Agora eu voltarei
2709580	2710060	a palavra
2710060	2710560	ao senhor
2710560	2712200	Roberto Salute
2712200	2713160	para os comentários
2713160	2713920	finais.
2716140	2716860	Muito obrigado,
2716960	2717300	então,
2717520	2718940	mais uma vez
2718940	2720900	por participarem
2720900	2721500	da nossa
2721500	2722680	Códio de Resultados
2722680	2723740	e nos vemos,
2723800	2724120	então,
2725080	2726020	daqui a três meses.
2726160	2726680	Muito obrigado,
2726800	2727960	tenha uma excelente semana.
2728800	2729520	Obrigado.
2730100	2730640	E isto
2730640	2731400	leva
2731400	2732160	ao fim
2732160	2732800	da sessão
2732800	2733520	de perguntas
2733520	2734240	e respostas.
2734460	2735180	Vocês podem
2735180	2736060	se desconectar
2736060	2736600	e tenham um
2736600	2737340	excelente dia.
2737340	2737340	
2739400	2739960	para
2739940	2739940	
2739940	2739940	
